{
  "Selenium": {
    "Browser": "Chrome",
    "Browser_Version": "Latest",
    "ElementWaitTime": 60,
    "MaxPageLoadTime": 60,
    "FileDownloadTime": 180,
    "SeleniumGridTime": 120,
    "StaticWait": 5,
    "SeleniumGridEnabled": "true",
    "IgnoreSSLError": "true",
    "SeleniumGridUrl": "http://20.10.224.247:4444/" // Configured during run time
  },
  "ApiSettings": {
    "url": "http://20.106.241.11/",
    "APIToken": ""
  },
  "ApplicationSettings": {
    "Env": "sandbox", // Configured during run time
    "AutUrl": "", // Configured during run time
    "UserName": "", // Configured during run time
    "Password": "", // Configured during run time
  }
}